,krs,name,krankenh,betten,augen,chirurgie,frauen,hno,haut,innere_medizin,geriatrie,kinder,neurologie,orthopaedie,urologie,sonstige,land
0,1001,"      Flensburg, Kreisfreie Stadt",3,860,,200.0,43.0,20.0,,256.0,102.0,33.0,50.0,,40.0,6.0,SH
1,1002,"      Kiel, Landeshauptstadt, Kreisfreie Stadt",16,2498,57.0,496.0,116.0,80.0,57.0,687.0,109.0,121.0,161.0,221.0,57.0,117.0,SH
2,1003,"      Lübeck, Hansestadt, Kreisfreie Stadt",13,1975,42.0,431.0,92.0,54.0,61.0,524.0,164.0,94.0,98.0,32.0,43.0,65.0,SH
3,1004,"      Neumünster, Kreisfreie Stadt",5,693,,182.0,32.0,7.0,,185.0,82.0,32.0,46.0,,24.0,8.0,SH
4,1051,"      Dithmarschen, Landkreis",3,656,,167.0,36.0,1.0,,245.0,78.0,31.0,40.0,,2.0,15.0,SH
5,1053,"      Herzogtum Lauenburg, Landkreis",5,604,,134.0,64.0,,,166.0,142.0,,65.0,,2.0,,SH
6,1054,"      Nordfriesland, Landkreis",7,653,,187.0,30.0,1.0,25.0,225.0,69.0,,,,2.0,,SH
7,1055,"      Ostholstein, Landkreis",18,1687,,363.0,31.0,4.0,,359.0,175.0,21.0,213.0,35.0,13.0,13.0,SH
8,1056,"      Pinneberg, Landkreis",3,875,1.0,194.0,39.0,3.0,,280.0,69.0,10.0,69.0,,23.0,,SH
9,1057,"      Plön, Landkreis",6,280,,47.0,17.0,,,106.0,,12.0,,,1.0,,SH
10,1058,"      Rendsburg-Eckernförde, Landkreis",7,946,24.0,236.0,50.0,10.0,,276.0,43.0,21.0,48.0,109.0,41.0,10.0,SH
11,1059,"      Schleswig-Flensburg, Landkreis",4,707,,120.0,27.0,2.0,,161.0,,14.0,65.0,,7.0,3.0,SH
12,1060,"      Segeberg, Landkreis",11,1671,,161.0,46.0,,,452.0,66.0,3.0,131.0,78.0,12.0,,SH
13,1061,"      Steinburg, Landkreis",1,609,,162.0,46.0,2.0,,158.0,50.0,43.0,43.0,,39.0,4.0,SH
14,1062,"      Stormarn, Landkreis",9,1098,51.0,205.0,27.0,,,394.0,36.0,,,161.0,4.0,,SH
15,2000,  Hamburg,58,12536,176.0,3237.0,575.0,262.0,105.0,2841.0,1123.0,492.0,683.0,220.0,363.0,678.0,HH
16,3101,"      Braunschweig, Kreisfreie Stadt",6,1943,51.0,532.0,93.0,57.0,,553.0,98.0,76.0,93.0,159.0,56.0,55.0,NI
17,3102,"      Salzgitter, Kreisfreie Stadt",2,444,,133.0,36.0,1.0,,201.0,,24.0,,,49.0,,NI
18,3103,"      Wolfsburg, Kreisfreie Stadt",1,549,3.0,147.0,49.0,45.0,,183.0,,44.0,32.0,,33.0,13.0,NI
19,3151,"      Gifhorn, Landkreis",2,424,,107.0,45.0,30.0,,170.0,30.0,42.0,,,,,NI
20,3153,"      Goslar, Landkreis",6,1040,,201.0,17.0,8.0,,278.0,,,122.0,70.0,13.0,,NI
21,3154,"      Helmstedt, Landkreis",2,845,,99.0,15.0,,,157.0,,,,,12.0,,NI
22,3155,"      Northeim, Landkreis",3,466,1.0,156.0,20.0,2.0,,253.0,,,19.0,,15.0,,NI
23,3157,"      Peine, Landkreis",1,297,,109.0,15.0,,,173.0,,,,,,,NI
24,3158,"      Wolfenbüttel, Landkreis",1,296,,111.0,23.0,2.0,,160.0,,,,,,,NI
25,3159,"      Göttingen, Landkreis",12,3396,54.0,747.0,126.0,53.0,63.0,978.0,98.0,128.0,104.0,85.0,101.0,29.0,NI
26,3241,"      Region Hannover, Landkreis",22,7075,80.0,1889.0,348.0,185.0,61.0,2001.0,154.0,291.0,336.0,338.0,218.0,30.0,NI
27,3241001,"      Hannover, Landeshauptstadt",12,4795,80.0,1493.0,268.0,175.0,61.0,1326.0,106.0,267.0,281.0,269.0,157.0,30.0,
28,3251,"      Diepholz, Landkreis",3,504,1.0,138.0,13.0,1.0,,183.0,,,,20.0,20.0,,NI
29,3252,"      Hameln-Pyrmont, Landkreis",8,1130,1.0,246.0,30.0,3.0,,318.0,39.0,39.0,246.0,28.0,29.0,,NI
30,3254,"      Hildesheim, Landkreis",6,1756,2.0,423.0,87.0,18.0,33.0,578.0,20.0,82.0,70.0,24.0,45.0,4.0,NI
31,3255,"      Holzminden, Landkreis",2,207,1.0,45.0,21.0,4.0,,99.0,,,,9.0,4.0,,NI
32,3256,"      Nienburg (Weser), Landkreis",2,357,,84.0,31.0,3.0,,157.0,,,50.0,10.0,22.0,,NI
33,3257,"      Schaumburg, Landkreis",3,543,8.0,145.0,20.0,2.0,,170.0,,,16.0,,,,NI
34,3351,"      Celle, Landkreis",2,702,,143.0,50.0,,,261.0,,43.0,63.0,34.0,34.0,11.0,NI
35,3352,"      Cuxhaven, Landkreis",4,651,,106.0,21.0,2.0,,159.0,20.0,8.0,,170.0,51.0,,NI
36,3353,"      Harburg, Landkreis",4,741,,123.0,49.0,48.0,,213.0,,,99.0,50.0,13.0,6.0,NI
37,3354,"      Lüchow-Dannenberg, Landkreis",1,118,,39.0,6.0,1.0,,48.0,24.0,,,,,,NI
38,3355,"      Lüneburg, Landkreis",4,895,1.0,121.0,74.0,2.0,1.0,190.0,,49.0,46.0,40.0,47.0,16.0,NI
39,3356,"      Osterholz, Landkreis",2,234,,99.0,12.0,,,112.0,,,,11.0,,,NI
40,3357,"      Rotenburg (Wümme), Landkreis",4,1020,1.0,256.0,55.0,21.0,1.0,343.0,50.0,40.0,59.0,28.0,28.0,,NI
41,3358,"      Heidekreis, Landkreis",4,482,,143.0,20.0,4.0,,181.0,,17.0,38.0,17.0,1.0,,NI
42,3359,"      Stade, Landkreis",4,919,,266.0,67.0,28.0,45.0,205.0,30.0,50.0,66.0,8.0,25.0,36.0,NI
43,3360,"      Uelzen, Landkreis",6,809,,187.0,21.0,1.0,,229.0,37.0,24.0,97.0,,,,NI
44,3361,"      Verden, Landkreis",2,262,,89.0,13.0,2.0,,135.0,,,,12.0,11.0,,NI
45,3401,"      Delmenhorst, Kreisfreie Stadt",1,320,,111.0,24.0,10.0,,131.0,,15.0,,6.0,23.0,,NI
46,3402,"      Emden, Kreisfreie Stadt",1,421,,91.0,30.0,5.0,,88.0,,32.0,80.0,,,,NI
47,3403,"      Oldenburg (Oldenburg), Kreisfreie Stadt",3,1713,29.0,563.0,163.0,87.0,33.0,438.0,25.0,101.0,85.0,76.0,61.0,20.0,NI
48,3404,"      Osnabrück, Kreisfreie Stadt",6,2117,26.0,464.0,118.0,59.0,,469.0,64.0,128.0,176.0,73.0,70.0,43.0,NI
49,3405,"      Wilhelmshaven, Kreisfreie Stadt",2,598,1.0,100.0,25.0,2.0,,227.0,20.0,29.0,,30.0,30.0,1.0,NI
50,3451,"      Ammerland, Landkreis",4,857,1.0,110.0,35.0,1.0,,128.0,,,81.0,,38.0,,NI
51,3452,"      Aurich, Landkreis",3,701,,170.0,51.0,11.0,45.0,249.0,,36.0,,,1.0,24.0,NI
52,3453,"      Cloppenburg, Landkreis",3,477,1.0,157.0,34.0,7.0,,215.0,,,,31.0,32.0,,NI
53,3454,"      Emsland, Landkreis",7,1775,4.0,509.0,121.0,21.0,,546.0,41.0,110.0,174.0,20.0,50.0,4.0,NI
54,3455,"      Friesland, Landkreis",2,513,,144.0,20.0,1.0,,203.0,,,70.0,75.0,,,NI
55,3456,"      Grafschaft Bentheim, Landkreis",4,599,,125.0,50.0,8.0,68.0,160.0,,28.0,26.0,45.0,12.0,2.0,NI
56,3457,"      Leer, Landkreis",4,705,1.0,216.0,52.0,15.0,,303.0,,56.0,,,40.0,,NI
57,3458,"      Oldenburg, Landkreis",3,231,,51.0,14.0,2.0,,58.0,,,,51.0,4.0,,NI
58,3459,"      Osnabrück, Landkreis",11,1627,12.0,474.0,82.0,14.0,33.0,586.0,47.0,,50.0,119.0,,,NI
59,3460,"      Vechta, Landkreis",4,868,1.0,119.0,88.0,29.0,6.0,236.0,,46.0,71.0,40.0,29.0,4.0,NI
60,3461,"      Wesermarsch, Landkreis",2,218,1.0,67.0,13.0,2.0,,115.0,,,,11.0,9.0,,NI
61,3462,"      Wittmund, Landkreis",1,164,,73.0,14.0,1.0,,76.0,,,,,,,NI
62,4011,"      Bremen, Kreisfreie Stadt",10,4006,65.0,720.0,293.0,133.0,46.0,995.0,221.0,160.0,141.0,361.0,93.0,208.0,HB
63,4012,"      Bremerhaven, Kreisfreie Stadt",4,1010,4.0,293.0,57.0,18.0,28.0,335.0,70.0,42.0,57.0,,,18.0,HB
64,5111,"      Düsseldorf, Kreisfreie Stadt",13,5017,87.0,1422.0,416.0,136.0,69.0,1421.0,134.0,240.0,155.0,48.0,161.0,86.0,NW
65,5112,"      Duisburg, Kreisfreie Stadt",8,4634,40.0,1545.0,252.0,121.0,50.0,1406.0,208.0,133.0,165.0,100.0,136.0,29.0,NW
66,5113,"      Essen, Kreisfreie Stadt",12,5681,92.0,1375.0,279.0,151.0,63.0,2029.0,144.0,158.0,223.0,177.0,177.0,161.0,NW
67,5114,"      Krefeld, Kreisfreie Stadt",4,2078,34.0,504.0,99.0,33.0,58.0,572.0,121.0,78.0,140.0,,122.0,26.0,NW
68,5116,"      Mönchengladbach, Kreisfreie Stadt",5,2131,5.0,455.0,210.0,61.0,,695.0,83.0,128.0,98.0,70.0,115.0,41.0,NW
69,5117,"      Mülheim an der Ruhr, Kreisfreie Stadt",2,932,63.0,295.0,50.0,6.0,,346.0,57.0,,,13.0,,19.0,NW
70,5119,"      Oberhausen, Kreisfreie Stadt",3,1456,,337.0,130.0,15.0,30.0,470.0,131.0,85.0,48.0,59.0,24.0,,NW
71,5120,"      Remscheid, Kreisfreie Stadt",3,1020,,133.0,59.0,13.0,,143.0,45.0,35.0,87.0,45.0,,,NW
72,5122,"      Solingen, Kreisfreie Stadt",4,1046,,252.0,48.0,43.0,,489.0,46.0,36.0,78.0,,47.0,7.0,NW
73,5124,"      Wuppertal, Kreisfreie Stadt",3,2070,35.0,501.0,124.0,94.0,50.0,674.0,195.0,96.0,93.0,91.0,80.0,37.0,NW
74,5154,"      Kleve, Kreis",7,1689,,331.0,93.0,25.0,,540.0,109.0,70.0,88.0,61.0,50.0,,NW
75,5158,"      Mettmann, Kreis",11,2240,,454.0,166.0,20.0,,754.0,,28.0,,110.0,50.0,,NW
76,5162,      Rhein-Kreis Neuss,7,1983,,383.0,160.0,45.0,,625.0,72.0,69.0,78.0,180.0,37.0,1.0,NW
77,5166,"      Viersen, Kreis",7,1413,,294.0,76.0,19.0,,447.0,40.0,45.0,,98.0,44.0,25.0,NW
78,5170,"      Wesel, Kreis",7,2540,3.0,630.0,226.0,38.0,15.0,858.0,151.0,145.0,106.0,95.0,63.0,12.0,NW
79,5314,"      Bonn, Kreisfreie Stadt",9,4149,109.0,876.0,252.0,121.0,44.0,1032.0,116.0,161.0,209.0,234.0,120.0,115.0,NW
80,5315,"      Köln, Kreisfreie Stadt",22,7083,123.0,1956.0,417.0,191.0,60.0,2190.0,257.0,309.0,256.0,216.0,229.0,50.0,NW
81,5316,"      Leverkusen, Kreisfreie Stadt",2,1086,,256.0,101.0,1.0,,411.0,89.0,64.0,60.0,56.0,48.0,,NW
82,5334,      Städteregion Aachen (einschl. Stadt Aachen),9,3842,51.0,1131.0,265.0,70.0,24.0,1221.0,86.0,164.0,148.0,160.0,134.0,38.0,NW
83,5334002,"      Aachen, krfr. Stadt",5,2435,51.0,716.0,173.0,67.0,24.0,646.0,20.0,118.0,85.0,88.0,59.0,38.0,
84,5358,"      Düren, Kreis",6,1783,,332.0,87.0,21.0,,597.0,60.0,80.0,60.0,82.0,50.0,8.0,NW
85,5362,      Rhein-Erft-Kreis,8,1433,,427.0,79.0,8.0,,646.0,127.0,,86.0,,26.0,,NW
86,5366,"      Euskirchen, Kreis",3,1101,1.0,241.0,62.0,5.0,,319.0,49.0,30.0,54.0,44.0,35.0,,NW
87,5370,"      Heinsberg, Kreis",4,952,1.0,248.0,70.0,8.0,,340.0,55.0,,44.0,,53.0,,NW
88,5374,      Oberbergischer Kreis,4,1559,1.0,345.0,72.0,49.0,,502.0,104.0,35.0,93.0,69.0,30.0,7.0,NW
89,5378,      Rheinisch-Bergischer Kreis,5,1151,1.0,278.0,113.0,3.0,,408.0,52.0,,57.0,60.0,40.0,,NW
90,5382,      Rhein-Sieg-Kreis,7,1455,4.0,433.0,98.0,26.0,,493.0,63.0,89.0,41.0,67.0,47.0,,NW
91,5512,"      Bottrop, Kreisfreie Stadt",2,704,4.0,193.0,43.0,4.0,,274.0,,63.0,45.0,48.0,30.0,,NW
92,5513,"      Gelsenkirchen, Kreisfreie Stadt",5,1775,9.0,457.0,143.0,51.0,,504.0,45.0,138.0,57.0,65.0,73.0,18.0,NW
93,5515,"      Münster, Kreisfreie Stadt",9,3730,58.0,890.0,219.0,92.0,96.0,901.0,55.0,256.0,211.0,169.0,102.0,92.0,NW
94,5554,"      Borken, Kreis",7,1876,17.0,494.0,166.0,20.0,,587.0,95.0,40.0,136.0,60.0,98.0,13.0,NW
95,5558,"      Coesfeld, Kreis",3,856,2.0,191.0,54.0,15.0,,311.0,90.0,50.0,35.0,,,,NW
96,5562,"      Recklinghausen, Kreis",12,4886,10.0,1096.0,323.0,113.0,45.0,1567.0,315.0,174.0,180.0,255.0,182.0,31.0,NW
97,5566,"      Steinfurt, Kreis",8,2033,3.0,521.0,115.0,31.0,,648.0,68.0,40.0,90.0,5.0,68.0,5.0,NW
98,5570,"      Warendorf, Kreis",6,1345,,277.0,78.0,20.0,,374.0,40.0,77.0,36.0,180.0,42.0,,NW
99,5711,"      Bielefeld, Kreisfreie Stadt",7,3974,35.0,885.0,241.0,112.0,35.0,1103.0,124.0,120.0,265.0,48.0,95.0,47.0,NW
100,5754,"      Gütersloh, Kreis",3,1421,5.0,329.0,127.0,20.0,,369.0,60.0,,71.0,73.0,48.0,16.0,NW
101,5758,"      Herford, Kreis",3,1092,2.0,328.0,54.0,2.0,,324.0,88.0,68.0,61.0,,60.0,13.0,NW
102,5762,"      Höxter, Kreis",2,1057,3.0,215.0,44.0,10.0,,390.0,60.0,51.0,49.0,80.0,42.0,5.0,NW
103,5766,"      Lippe, Kreis",4,1403,10.0,297.0,64.0,4.0,65.0,382.0,75.0,50.0,60.0,,53.0,8.0,NW
104,5770,"      Minden-Lübbecke, Kreis",8,2373,4.0,781.0,98.0,42.0,59.0,771.0,42.0,100.0,94.0,113.0,69.0,,NW
105,5774,"      Paderborn, Kreis",5,1747,6.0,409.0,134.0,88.0,,577.0,45.0,76.0,74.0,50.0,58.0,22.0,NW
106,5911,"      Bochum, Kreisfreie Stadt",7,3403,45.0,978.0,95.0,82.0,84.0,1029.0,207.0,80.0,196.0,112.0,55.0,98.0,NW
107,5913,"      Dortmund, Kreisfreie Stadt",11,3921,72.0,778.0,214.0,95.0,42.0,1209.0,229.0,130.0,86.0,249.0,115.0,34.0,NW
108,5914,"      Hagen, Kreisfreie Stadt",4,1589,20.0,331.0,96.0,47.0,20.0,567.0,36.0,65.0,67.0,50.0,60.0,32.0,NW
109,5915,"      Hamm, Kreisfreie Stadt",5,1789,8.0,461.0,92.0,20.0,,705.0,40.0,105.0,42.0,64.0,39.0,7.0,NW
110,5916,"      Herne, Kreisfreie Stadt",5,1656,3.0,368.0,108.0,6.0,,597.0,82.0,,53.0,174.0,90.0,22.0,NW
111,5954,      Ennepe-Ruhr-Kreis,7,1906,,464.0,190.0,40.0,,520.0,129.0,118.0,72.0,135.0,75.0,29.0,NW
112,5958,      Hochsauerlandkreis,10,2087,9.0,430.0,93.0,13.0,,775.0,48.0,40.0,223.0,130.0,57.0,11.0,NW
113,5962,      Märkischer Kreis,11,2848,20.0,582.0,178.0,55.0,35.0,878.0,53.0,111.0,41.0,260.0,76.0,65.0,NW
114,5966,"      Olpe, Kreis",2,844,3.0,263.0,97.0,14.0,,264.0,62.0,,,42.0,20.0,,NW
115,5970,"      Siegen-Wittgenstein, Kreis",5,1988,5.0,465.0,120.0,24.0,60.0,590.0,50.0,108.0,90.0,90.0,87.0,29.0,NW
116,5974,"      Soest, Kreis",9,2027,4.0,521.0,131.0,13.0,,604.0,86.0,98.0,40.0,50.0,45.0,15.0,NW
117,5978,"      Unna, Kreis",9,2652,,791.0,192.0,41.0,30.0,1077.0,75.0,40.0,147.0,136.0,70.0,53.0,NW
118,6411,"      Darmstadt, Kreisfreie Stadt",6,1548,30.0,338.0,152.0,46.0,56.0,439.0,75.0,80.0,96.0,,61.0,16.0,HE
119,6412,"      Frankfurt am Main, Kreisfreie Stadt",16,5906,105.0,1619.0,416.0,130.0,50.0,1614.0,233.0,318.0,294.0,295.0,205.0,157.0,HE
120,6413,"      Offenbach am Main, Kreisfreie Stadt",5,1188,,336.0,81.0,7.0,,390.0,47.0,72.0,83.0,18.0,51.0,10.0,HE
121,6414,"      Wiesbaden, Landeshauptstadt, Kreisfreie Stadt",9,1980,33.0,429.0,163.0,65.0,23.0,451.0,107.0,71.0,118.0,209.0,62.0,114.0,HE
122,6431,"      Bergstraße, Landkreis",7,940,,247.0,58.0,3.0,,323.0,42.0,,,48.0,8.0,,HE
123,6432,"      Darmstadt-Dieburg, Landkreis",1,428,,149.0,24.0,3.0,,130.0,46.0,,,,,,HE
124,6433,"      Groß-Gerau, Landkreis",3,1039,,222.0,74.0,29.0,,312.0,40.0,45.0,,,43.0,,HE
125,6434,      Hochtaunuskreis,9,1224,,139.0,42.0,3.0,,288.0,109.0,,112.0,,25.0,,HE
126,6435,      Main-Kinzig-Kreis,4,1785,,405.0,150.0,50.0,28.0,540.0,154.0,110.0,75.0,,42.0,5.0,HE
127,6436,      Main-Taunus-Kreis,5,686,,141.0,45.0,,1.0,229.0,65.0,,,1.0,17.0,6.0,HE
128,6437,      Odenwaldkreis,4,477,,92.0,46.0,4.0,,98.0,31.0,,129.0,,8.0,,HE
129,6438,"      Offenbach, Landkreis",3,686,,212.0,38.0,6.0,,237.0,85.0,,,,1.0,,HE
130,6439,      Rheingau-Taunus-Kreis,5,654,,112.0,30.0,,,138.0,120.0,,,20.0,,20.0,HE
131,6440,      Wetteraukreis,7,1369,,351.0,54.0,1.0,,617.0,57.0,,81.0,,,30.0,HE
132,6531,"      Gießen, Landkreis",6,2390,26.0,572.0,126.0,66.0,26.0,604.0,59.0,160.0,66.0,34.0,60.0,22.0,HE
133,6532,      Lahn-Dill-Kreis,10,1775,3.0,296.0,71.0,6.0,,564.0,80.0,7.0,245.0,120.0,62.0,11.0,HE
134,6533,"      Limburg-Weilburg, Landkreis",4,1039,,240.0,48.0,7.0,,269.0,38.0,18.0,229.0,,15.0,,HE
135,6534,"      Marburg-Biedenkopf, Landkreis",5,1542,22.0,314.0,109.0,31.0,30.0,450.0,66.0,85.0,63.0,17.0,45.0,145.0,HE
136,6535,      Vogelsbergkreis,5,699,,288.0,21.0,8.0,,221.0,64.0,,,,22.0,,HE
137,6611,"      Kassel, Kreisfreie Stadt",9,2694,25.0,724.0,153.0,81.0,79.0,828.0,61.0,131.0,195.0,137.0,72.0,25.0,HE
138,6631,"      Fulda, Landkreis",7,1542,2.0,334.0,110.0,52.0,,433.0,103.0,61.0,68.0,111.0,74.0,21.0,HE
139,6632,"      Hersfeld-Rotenburg, Landkreis",4,1039,22.0,221.0,42.0,28.0,,386.0,60.0,38.0,75.0,40.0,33.0,,HE
140,6633,"      Kassel, Landkreis",5,853,,71.0,16.0,2.0,,232.0,105.0,,87.0,2.0,5.0,,HE
141,6634,      Schwalm-Eder-Kreis,6,645,,143.0,47.0,6.0,,191.0,44.0,,110.0,,,16.0,HE
142,6635,"      Waldeck-Frankenberg, Landkreis",12,1716,,273.0,54.0,29.0,,341.0,32.0,,100.0,256.0,48.0,1.0,HE
143,6636,      Werra-Meißner-Kreis,2,588,,81.0,20.0,3.0,,133.0,94.0,,16.0,127.0,4.0,43.0,HE
144,7111,"      Koblenz, Kreisfreie Stadt",2,1947,9.0,585.0,147.0,72.0,,693.0,40.0,92.0,60.0,114.0,82.0,13.0,RP
145,7131,"      Ahrweiler, Landkreis",7,757,,239.0,51.0,13.0,,152.0,59.0,,,31.0,31.0,1.0,RP
146,7132,"      Altenkirchen (Westerwald), Landkreis",2,385,,92.0,40.0,6.0,,119.0,,33.0,,,15.0,,RP
147,7133,"      Bad Kreuznach, Landkreis",5,963,2.0,186.0,81.0,35.0,,365.0,,50.0,40.0,103.0,32.0,46.0,RP
148,7134,"      Birkenfeld, Landkreis",2,671,1.0,150.0,47.0,3.0,,182.0,30.0,25.0,68.0,40.0,30.0,15.0,RP
149,7135,"      Cochem-Zell, Landkreis",3,425,,189.0,12.0,,,115.0,30.0,,40.0,,13.0,26.0,RP
150,7137,"      Mayen-Koblenz, Landkreis",4,751,,77.0,28.0,,,110.0,,,139.0,20.0,10.0,14.0,RP
151,7138,"      Neuwied, Landkreis",6,1599,6.0,397.0,113.0,10.0,,559.0,,64.0,150.0,97.0,40.0,14.0,RP
152,7140,      Rhein-Hunsrück-Kreis,2,446,2.0,89.0,25.0,6.0,,124.0,,,,135.0,10.0,,RP
153,7141,      Rhein-Lahn-Kreis,6,1011,,117.0,29.0,17.0,,303.0,,,,139.0,17.0,50.0,RP
154,7143,      Westerwaldkreis,3,541,,199.0,60.0,3.0,,211.0,,,,1.0,7.0,40.0,RP
155,7211,"      Trier, Kreisfreie Stadt",2,1573,39.0,379.0,112.0,70.0,,468.0,41.0,64.0,80.0,83.0,52.0,71.0,RP
156,7231,"      Bernkastel-Wittlich, Landkreis",1,496,1.0,116.0,27.0,1.0,,184.0,,20.0,37.0,12.0,3.0,,RP
157,7232,      Eifelkreis Bitburg-Prüm,2,600,,202.0,54.0,5.0,,239.0,,,,,24.0,,RP
158,7233,"      Vulkaneifel, Landkreis",1,232,,59.0,18.0,,,97.0,,,,41.0,17.0,,RP
159,7235,"      Trier-Saarburg, Landkreis",2,340,5.0,122.0,17.0,8.0,,147.0,,,,,11.0,10.0,RP
160,7311,"      Frankenthal (Pfalz), Kreisfreie Stadt",1,315,,60.0,30.0,3.0,,115.0,,,,,,12.0,RP
161,7312,"      Kaiserslautern, Kreisfreie Stadt",2,1164,24.0,291.0,50.0,56.0,,343.0,,76.0,144.0,80.0,62.0,,RP
162,7313,"      Landau in der Pfalz, Kreisfreie Stadt",2,844,,263.0,51.0,24.0,,355.0,,45.0,,55.0,42.0,9.0,RP
163,7314,"      Ludwigshafen am Rhein, Kreisfreie Stadt",4,2047,36.0,612.0,86.0,63.0,51.0,438.0,120.0,65.0,81.0,97.0,58.0,240.0,RP
164,7315,"      Mainz, Kreisfreie Stadt",4,2219,69.0,573.0,151.0,91.0,45.0,716.0,95.0,130.0,65.0,,79.0,54.0,RP
165,7316,"      Neustadt an der Weinstraße, Kreisfreie Stadt",1,364,,120.0,35.0,4.0,,141.0,,,,,40.0,24.0,RP
166,7317,"      Pirmasens, Kreisfreie Stadt",1,451,,119.0,28.0,,,161.0,,32.0,,,9.0,12.0,RP
167,7318,"      Speyer, Kreisfreie Stadt",2,651,3.0,186.0,70.0,7.0,,255.0,,65.0,,,45.0,20.0,RP
168,7319,"      Worms, Kreisfreie Stadt",2,696,,195.0,65.0,4.0,,245.0,30.0,62.0,,,60.0,35.0,RP
169,7331,"      Alzey-Worms, Landkreis",2,594,,45.0,10.0,3.0,,70.0,,,100.0,,3.0,6.0,RP
170,7332,"      Bad Dürkheim, Landkreis",4,504,,128.0,33.0,8.0,,179.0,,,,,,9.0,RP
171,7333,      Donnersbergkreis,1,203,,79.0,26.0,,,72.0,26.0,,,,,,RP
172,7334,"      Germersheim, Landkreis",1,320,,93.0,61.0,10.0,,156.0,,,,,,,RP
173,7335,"      Kaiserslautern, Landkreis",1,531,,135.0,38.0,14.0,,228.0,,,,78.0,15.0,23.0,RP
174,7337,"      Südliche Weinstraße, Landkreis",3,704,,,,,,100.0,,,54.0,,,,RP
175,7339,"      Mainz-Bingen, Landkreis",4,338,,158.0,16.0,5.0,,137.0,,,,,13.0,9.0,RP
176,7340,"      Südwestpfalz, Landkreis",2,215,1.0,16.0,,,,70.0,,,,68.0,,,RP
177,8111,"      Stuttgart, Landeshauptstadt, Stadtkreis",22,4961,95.0,1400.0,297.0,172.0,97.0,1455.0,10.0,169.0,154.0,283.0,115.0,83.0,BW
178,8115,"      Böblingen, Landkreis",5,1099,,303.0,164.0,5.0,,383.0,,80.0,52.0,75.0,37.0,,BW
179,8116,"      Esslingen, Landkreis",8,1899,13.0,529.0,173.0,13.0,,633.0,,79.0,93.0,26.0,30.0,17.0,BW
180,8117,"      Göppingen, Landkreis",3,1246,,170.0,51.0,6.0,,379.0,15.0,39.0,87.0,116.0,25.0,13.0,BW
181,8118,"      Ludwigsburg, Landkreis",7,1749,1.0,461.0,115.0,21.0,,494.0,,85.0,136.0,222.0,58.0,10.0,BW
182,8119,"      Rems-Murr-Kreis, Landkreis",4,1326,,318.0,78.0,6.0,,315.0,,53.0,52.0,6.0,34.0,19.0,BW
183,8121,"      Heilbronn, Stadtkreis",5,1020,28.0,215.0,94.0,65.0,39.0,303.0,,105.0,64.0,3.0,66.0,7.0,BW
184,8125,"      Heilbronn, Landkreis",4,1214,,293.0,,,,355.0,,,,125.0,,,BW
185,8126,"      Hohenlohekreis, Landkreis",1,283,3.0,86.0,39.0,3.0,,146.0,,,,,6.0,,BW
186,8127,"      Schwäbisch Hall, Landkreis",3,741,1.0,208.0,66.0,10.0,,232.0,21.0,53.0,45.0,33.0,24.0,2.0,BW
187,8128,"      Main-Tauber-Kreis, Landkreis",5,1033,,173.0,55.0,3.0,,459.0,,40.0,52.0,64.0,39.0,,BW
188,8135,"      Heidenheim, Landkreis",1,535,,131.0,33.0,4.0,,176.0,,24.0,48.0,,22.0,18.0,BW
189,8136,"      Ostalbkreis, Landkreis",4,1056,1.0,307.0,147.0,12.0,,338.0,,87.0,85.0,,35.0,5.0,BW
190,8211,"      Baden-Baden, Stadtkreis",4,796,2.0,139.0,55.0,1.0,,311.0,28.0,38.0,,22.0,31.0,,BW
191,8212,"      Karlsruhe, Stadtkreis",7,2685,113.0,732.0,189.0,141.0,30.0,734.0,4.0,99.0,78.0,160.0,65.0,87.0,BW
192,8215,"      Karlsruhe, Landkreis",3,914,,160.0,49.0,1.0,,301.0,,,124.0,139.0,25.0,,BW
193,8216,"      Rastatt, Landkreis",3,434,,92.0,21.0,,,180.0,20.0,,79.0,5.0,,,BW
194,8221,"      Heidelberg, Stadtkreis",13,3018,37.0,631.0,196.0,82.0,60.0,864.0,105.0,160.0,205.0,311.0,82.0,68.0,BW
195,8222,"      Mannheim, Stadtkreis",5,2373,14.0,546.0,175.0,96.0,59.0,642.0,97.0,109.0,101.0,93.0,148.0,22.0,BW
196,8225,"      Neckar-Odenwald-Kreis, Landkreis",4,503,,176.0,46.0,5.0,,202.0,,,,,10.0,,BW
197,8226,"      Rhein-Neckar-Kreis, Landkreis",5,1503,,309.0,104.0,19.0,,378.0,,,18.0,,24.0,,BW
198,8231,"      Pforzheim, Stadtkreis",8,1201,16.0,318.0,113.0,41.0,,347.0,,53.0,89.0,135.0,66.0,3.0,BW
199,8235,"      Calw, Landkreis",8,1243,,122.0,44.0,2.0,,312.0,,62.0,67.0,76.0,41.0,,BW
200,8236,"      Enzkreis, Landkreis",4,324,,86.0,21.0,3.0,,173.0,,38.0,,,3.0,,BW
201,8237,"      Freudenstadt, Landkreis",2,479,,94.0,42.0,8.0,,125.0,,27.0,115.0,,,,BW
202,8311,"      Freiburg im Breisgau, Stadtkreis",8,2233,65.0,597.0,164.0,99.0,48.0,553.0,,155.0,92.0,93.0,88.0,83.0,BW
203,8315,"      Breisgau-Hochschwarzwald, Landkreis",14,1339,,305.0,34.0,3.0,,582.0,,16.0,,68.0,7.0,,BW
204,8316,"      Emmendingen, Landkreis",4,1015,,154.0,35.0,2.0,,165.0,,,118.0,,8.0,,BW
205,8317,"      Ortenaukreis, Landkreis",13,2249,25.0,545.0,131.0,42.0,,681.0,,46.0,294.0,52.0,47.0,28.0,BW
206,8325,"      Rottweil, Landkreis",4,830,1.0,122.0,40.0,2.0,6.0,127.0,37.0,,40.0,,,10.0,BW
207,8326,"      Schwarzwald-Baar-Kreis, Landkreis",6,1279,,231.0,60.0,22.0,18.0,404.0,,70.0,42.0,75.0,58.0,58.0,BW
208,8327,"      Tuttlingen, Landkreis",2,360,5.0,122.0,27.0,8.0,,198.0,,,,,,,BW
209,8335,"      Konstanz, Landkreis",10,1655,2.0,370.0,95.0,18.0,,425.0,66.0,64.0,181.0,67.0,44.0,20.0,BW
210,8336,"      Lörrach, Landkreis",3,837,,153.0,80.0,15.0,,344.0,,57.0,28.0,64.0,25.0,,BW
211,8337,"      Waldshut, Landkreis",8,713,,154.0,34.0,7.0,,286.0,,,,,12.0,,BW
212,8415,"      Reutlingen, Landkreis",5,1251,,276.0,74.0,5.0,,313.0,42.0,58.0,62.0,,37.0,,BW
213,8416,"      Tübingen, Landkreis",6,1936,75.0,614.0,106.0,63.0,84.0,405.0,,137.0,78.0,76.0,47.0,40.0,BW
214,8417,"      Zollernalbkreis, Landkreis",5,547,,187.0,38.0,1.0,1.0,218.0,,,,55.0,,,BW
215,8421,"      Ulm, Stadtkreis",5,1518,55.0,280.0,90.0,49.0,32.0,322.0,85.0,113.0,109.0,155.0,53.0,29.0,BW
216,8425,"      Alb-Donau-Kreis, Landkreis",4,418,,197.0,58.0,5.0,,143.0,,,,,14.0,1.0,BW
217,8426,"      Biberach, Landkreis",6,798,,156.0,45.0,2.0,,251.0,,,80.0,36.0,24.0,3.0,BW
218,8435,"      Bodenseekreis, Landkreis",5,742,7.0,235.0,64.0,16.0,,276.0,,38.0,33.0,,31.0,,BW
219,8436,"      Ravensburg, Landkreis",11,1727,8.0,288.0,93.0,27.0,,441.0,,77.0,135.0,64.0,18.0,17.0,BW
220,8437,"      Sigmaringen, Landkreis",4,660,,142.0,29.0,5.0,,166.0,,,39.0,,40.0,,BW
221,9161,      Ingolstadt,4,1284,2.0,277.0,84.0,2.0,,281.0,34.0,,90.0,36.0,55.0,28.0,BY
222,9162,"      München, Landeshauptstadt",54,11200,176.0,2849.0,735.0,264.0,226.0,3255.0,301.0,535.0,579.0,930.0,350.0,215.0,BY
223,9163,      Rosenheim,2,762,2.0,206.0,62.0,4.0,,336.0,,56.0,49.0,11.0,36.0,,BY
224,9171,"      Altötting, Landkreis",3,584,,185.0,58.0,12.0,,184.0,20.0,45.0,20.0,30.0,30.0,,BY
225,9172,"      Berchtesgadener Land, Landkreis",7,669,1.0,148.0,13.0,1.0,40.0,266.0,31.0,,25.0,39.0,1.0,9.0,BY
226,9173,"      Bad Tölz-Wolfratshausen, Landkreis",4,639,3.0,124.0,15.0,7.0,,189.0,15.0,,65.0,61.0,26.0,,BY
227,9174,"      Dachau, Landkreis",1,455,,148.0,30.0,40.0,,140.0,28.0,4.0,55.0,,10.0,,BY
228,9175,"      Ebersberg, Landkreis",1,328,,124.0,18.0,2.0,,132.0,,,,11.0,23.0,,BY
229,9176,"      Eichstätt, Landkreis",2,455,1.0,128.0,24.0,2.0,,145.0,20.0,,122.0,8.0,5.0,,BY
230,9177,"      Erding, Landkreis",3,420,1.0,124.0,38.0,1.0,,204.0,30.0,,,8.0,6.0,8.0,BY
231,9178,"      Freising, Landkreis",1,353,1.0,107.0,25.0,2.0,,191.0,,,,,5.0,,BY
232,9179,"      Fürstenfeldbruck, Landkreis",1,380,,119.0,25.0,4.0,,155.0,,,23.0,24.0,30.0,,BY
233,9180,"      Garmisch-Partenkirchen, Landkreis",8,1391,3.0,712.0,26.0,2.0,,252.0,25.0,145.0,29.0,25.0,33.0,11.0,BY
234,9181,"      Landsberg am Lech, Landkreis",3,472,1.0,75.0,31.0,2.0,,100.0,,12.0,,,,,BY
235,9182,"      Miesbach, Landkreis",2,458,,122.0,27.0,1.0,,130.0,34.0,,36.0,,,,BY
236,9183,"      Mühldorf a.Inn, Landkreis",1,351,,111.0,22.0,5.0,,188.0,,,,,25.0,,BY
237,9184,"      München, Landkreis",4,1351,,34.0,17.0,,,,40.0,,37.0,66.0,61.0,,BY
238,9185,"      Neuburg-Schrobenhausen, Landkreis",2,448,2.0,120.0,37.0,2.0,,144.0,20.0,70.0,,,17.0,,BY
239,9186,"      Pfaffenhofen a.d.Ilm, Landkreis",1,323,,121.0,30.0,1.0,,146.0,20.0,,,5.0,,,BY
240,9187,"      Rosenheim, Landkreis",17,2655,,220.0,66.0,16.0,,315.0,83.0,64.0,240.0,252.0,,13.0,BY
241,9188,"      Starnberg, Landkreis",9,1197,4.0,255.0,59.0,6.0,,518.0,33.0,29.0,131.0,16.0,10.0,6.0,BY
242,9189,"      Traunstein, Landkreis",4,928,,282.0,42.0,10.0,,352.0,29.0,47.0,30.0,33.0,29.0,24.0,BY
243,9190,"      Weilheim-Schongau, Landkreis",3,430,,163.0,41.0,5.0,,172.0,32.0,,,10.0,7.0,,BY
244,9261,      Landshut,4,1274,7.0,252.0,104.0,10.0,,364.0,24.0,88.0,51.0,69.0,47.0,6.0,BY
245,9262,      Passau,3,726,1.0,188.0,58.0,17.0,,232.0,,78.0,42.0,51.0,17.0,42.0,BY
246,9263,      Straubing,1,450,1.0,125.0,27.0,39.0,,215.0,,,,15.0,28.0,,BY
247,9271,"      Deggendorf, Landkreis",6,1309,1.0,239.0,48.0,3.0,,180.0,70.0,54.0,56.0,49.0,38.0,36.0,BY
248,9272,"      Freyung-Grafenau, Landkreis",1,405,,130.0,15.0,15.0,,162.0,,,,,23.0,,BY
249,9273,"      Kelheim, Landkreis",3,394,,41.0,14.0,1.0,1.0,186.0,,,12.0,135.0,4.0,,BY
250,9274,"      Landshut, Landkreis",1,185,,84.0,17.0,,,84.0,,,,,,,BY
251,9275,"      Passau, Landkreis",6,666,,149.0,31.0,5.0,,256.0,20.0,,20.0,104.0,,,BY
252,9276,"      Regen, Landkreis",2,314,,137.0,28.0,10.0,,139.0,,,,,,,BY
253,9277,"      Rottal-Inn, Landkreis",2,635,,110.0,36.0,3.0,,173.0,20.0,,,20.0,23.0,,BY
254,9278,"      Straubing-Bogen, Landkreis",3,385,,127.0,6.0,1.0,,134.0,,,,105.0,12.0,,BY
255,9279,"      Dingolfing-Landau, Landkreis",1,125,,40.0,16.0,4.0,,65.0,,,,,,,BY
256,9361,      Amberg,1,568,4.0,170.0,52.0,5.0,,180.0,24.0,44.0,49.0,14.0,26.0,,BY
257,9362,      Regensburg,5,2791,50.0,735.0,110.0,68.0,45.0,713.0,92.0,134.0,190.0,,71.0,47.0,BY
258,9363,      Weiden i.d.OPf.,1,704,6.0,216.0,45.0,10.0,,266.0,,64.0,55.0,,40.0,2.0,BY
259,9371,"      Amberg-Sulzbach, Landkreis",2,195,,69.0,19.0,3.0,,84.0,20.0,,,,,,BY
260,9372,"      Cham, Landkreis",4,692,2.0,85.0,30.0,15.0,140.0,182.0,,,,20.0,20.0,6.0,BY
261,9373,"      Neumarkt i.d.OPf., Landkreis",2,529,,179.0,47.0,3.0,,212.0,20.0,,38.0,,27.0,3.0,BY
262,9374,"      Neustadt a.d.Waldnaab, Landkreis",1,186,,,,,,,,,,,,,BY
263,9375,"      Regensburg, Landkreis",2,240,,50.0,2.0,,,155.0,,,,8.0,,,BY
264,9376,"      Schwandorf, Landkreis",5,534,,150.0,27.0,4.0,,236.0,,,12.0,95.0,10.0,,BY
265,9377,"      Tirschenreuth, Landkreis",2,290,,114.0,18.0,2.0,,147.0,,,,9.0,,,BY
266,9461,      Bamberg,1,1013,6.0,245.0,71.0,8.0,,231.0,35.0,45.0,75.0,20.0,42.0,33.0,BY
267,9462,      Bayreuth,2,1365,1.0,235.0,53.0,1.0,34.0,299.0,54.0,65.0,207.0,43.0,34.0,22.0,BY
268,9463,      Coburg,1,510,,98.0,36.0,4.0,,222.0,34.0,52.0,20.0,,31.0,13.0,BY
269,9464,      Hof,1,455,,130.0,28.0,,,173.0,,39.0,36.0,,49.0,,BY
270,9471,"      Bamberg, Landkreis",3,310,,144.0,,,,103.0,20.0,,,,,,BY
271,9472,"      Bayreuth, Landkreis",1,117,,47.0,18.0,4.0,,48.0,,,,,,,BY
272,9473,"      Coburg, Landkreis",2,93,,48.0,,,,25.0,,,20.0,,,,BY
273,9474,"      Forchheim, Landkreis",2,310,1.0,77.0,40.0,1.0,,151.0,20.0,,,4.0,2.0,,BY
274,9475,"      Hof, Landkreis",3,614,,101.0,7.0,1.0,,180.0,23.0,,,129.0,,,BY
275,9476,"      Kronach, Landkreis",1,282,,101.0,26.0,5.0,,120.0,30.0,,,,,,BY
276,9477,"      Kulmbach, Landkreis",2,574,1.0,156.0,40.0,12.0,,223.0,10.0,,42.0,18.0,23.0,,BY
277,9478,"      Lichtenfels, Landkreis",3,765,,132.0,38.0,2.0,,223.0,,,61.0,50.0,,,BY
278,9479,"      Wunsiedel i.Fichtelgebirge, Landkreis",1,408,,136.0,34.0,4.0,,182.0,,,,10.0,42.0,,BY
279,9561,      Ansbach,3,1223,4.0,259.0,60.0,1.0,,410.0,24.0,,35.0,30.0,26.0,1.0,BY
280,9562,      Erlangen,3,2188,96.0,456.0,102.0,115.0,48.0,369.0,34.0,121.0,183.0,40.0,60.0,77.0,BY
281,9563,      Fürth,3,850,26.0,174.0,71.0,4.0,,298.0,31.0,68.0,46.0,53.0,45.0,34.0,BY
282,9564,      Nürnberg,17,3542,58.0,965.0,218.0,123.0,65.0,1055.0,103.0,205.0,99.0,200.0,119.0,63.0,BY
283,9565,      Schwabach,1,170,,71.0,5.0,6.0,,88.0,,,,,,,BY
284,9571,"      Ansbach, Landkreis",1,150,2.0,65.0,13.0,,,50.0,20.0,,,,,,BY
285,9572,"      Erlangen-Höchstadt, Landkreis",2,131,,30.0,,3.0,,47.0,,,26.0,25.0,,,BY
286,9574,"      Nürnberger Land, Landkreis",4,972,,101.0,16.0,5.0,153.0,206.0,20.0,,60.0,210.0,10.0,,BY
287,9575,"      Neustadt a.d.Aisch-Bad Windsheim, Landkreis",3,478,,130.0,29.0,6.0,,134.0,37.0,,40.0,,22.0,,BY
288,9576,"      Roth, Landkreis",1,270,3.0,105.0,30.0,4.0,,120.0,,,,,8.0,,BY
289,9577,"      Weißenburg-Gunzenhausen, Landkreis",3,420,2.0,162.0,21.0,8.0,,200.0,20.0,,,,7.0,,BY
290,9661,      Aschaffenburg,3,940,2.0,267.0,109.0,22.0,,256.0,20.0,94.0,61.0,48.0,41.0,,BY
291,9662,      Schweinfurt,2,932,2.0,241.0,107.0,19.0,,324.0,20.0,75.0,70.0,,40.0,5.0,BY
292,9663,      Würzburg,9,2369,74.0,651.0,132.0,89.0,59.0,493.0,20.0,175.0,107.0,132.0,125.0,52.0,BY
293,9671,"      Aschaffenburg, Landkreis",1,42,,,,,42.0,,,,,,,,BY
294,9672,"      Bad Kissingen, Landkreis",7,813,,116.0,25.0,,,236.0,48.0,14.0,20.0,,8.0,8.0,BY
295,9673,"      Rhön-Grabfeld, Landkreis",5,1105,,438.0,20.0,11.0,,233.0,,,163.0,,,,BY
296,9674,"      Haßberge, Landkreis",1,240,,75.0,26.0,1.0,,118.0,20.0,,,,,,BY
297,9675,"      Kitzingen, Landkreis",2,245,,110.0,24.0,4.0,,107.0,,,,,,,BY
298,9676,"      Miltenberg, Landkreis",1,284,,104.0,43.0,,,112.0,20.0,,,,5.0,,BY
299,9677,"      Main-Spessart, Landkreis",2,664,2.0,141.0,9.0,,,125.0,20.0,,40.0,,3.0,,BY
300,9678,"      Schweinfurt, Landkreis",6,587,10.0,61.0,6.0,5.0,,71.0,,,,100.0,,44.0,BY
301,9679,"      Würzburg, Landkreis",1,140,1.0,53.0,1.0,1.0,,66.0,,,,,18.0,,BY
302,9761,      Augsburg,10,2918,51.0,652.0,210.0,84.0,47.0,711.0,60.0,201.0,84.0,284.0,92.0,51.0,BY
303,9762,      Kaufbeuren,2,609,,132.0,28.0,3.0,,163.0,,20.0,47.0,,14.0,,BY
304,9763,      Kempten (Allgäu),2,600,,138.0,55.0,7.0,,137.0,18.0,40.0,29.0,12.0,39.0,5.0,BY
305,9764,      Memmingen,2,544,,149.0,61.0,2.0,,142.0,20.0,64.0,16.0,,40.0,6.0,BY
306,9771,"      Aichach-Friedberg, Landkreis",2,280,,98.0,31.0,3.0,,142.0,,,,6.0,,,BY
307,9772,"      Augsburg, Landkreis",3,298,,111.0,26.0,2.0,,138.0,21.0,,,,,,BY
308,9773,"      Dillingen a.d.Donau, Landkreis",2,317,10.0,114.0,22.0,10.0,,138.0,,,,17.0,6.0,,BY
309,9774,"      Günzburg, Landkreis",6,1042,1.0,177.0,20.0,5.0,,233.0,61.0,,194.0,14.0,7.0,20.0,BY
310,9775,"      Neu-Ulm, Landkreis",4,410,,136.0,45.0,5.0,,183.0,20.0,,,5.0,10.0,6.0,BY
311,9776,"      Lindau (Bodensee), Landkreis",8,611,,129.0,11.0,35.0,,122.0,20.0,3.0,,,15.0,3.0,BY
312,9777,"      Ostallgäu, Landkreis",5,527,,128.0,20.0,3.0,,224.0,20.0,,20.0,50.0,,,BY
313,9778,"      Unterallgäu, Landkreis",4,419,3.0,127.0,20.0,6.0,,163.0,,,,,,,BY
314,9779,"      Donau-Ries, Landkreis",2,529,5.0,153.0,58.0,6.0,,229.0,20.0,,,10.0,8.0,,BY
315,9780,"      Oberallgäu, Landkreis",3,460,1.0,76.0,10.0,3.0,,114.0,20.0,,,47.0,,,BY
316,10041,"      Saarbrücken, Regionalverband",8,2583,70.0,491.0,83.0,41.0,4.0,717.0,126.0,59.0,270.0,186.0,118.0,87.0,SL
317,10041100,"      Saarbrücken, Landeshauptstadt",5,1591,22.0,296.0,68.0,41.0,4.0,345.0,126.0,59.0,142.0,107.0,37.0,83.0,SL
318,10042,"      Merzig-Wadern, Landkreis",3,481,,81.0,17.0,,,153.0,24.0,,51.0,82.0,2.0,6.0,SL
319,10043,"      Neunkirchen, Landkreis",4,700,,103.0,32.0,6.0,,258.0,,69.0,55.0,46.0,24.0,21.0,SL
320,10044,"      Saarlouis, Landkreis",5,985,,192.0,64.0,3.0,,383.0,28.0,29.0,42.0,117.0,7.0,17.0,SL
321,10045,      Saarpfalz-Kreis,2,1498,35.0,307.0,87.0,62.0,42.0,407.0,25.0,88.0,86.0,91.0,53.0,71.0,SL
322,10046,"      St. Wendel, Landkreis",1,248,,59.0,20.0,2.0,,80.0,25.0,,,,,7.0,SL
323,11000,  Berlin,83,20390,234.0,4831.0,1091.0,346.0,201.0,6211.0,1687.0,729.0,1000.0,660.0,530.0,261.0,BE
324,11001001,      Berlin-Mitte,14,4849,82.0,1318.0,173.0,76.0,75.0,1576.0,261.0,247.0,232.0,11.0,204.0,78.0,BE
325,11002002,      Berlin-Friedrichshain-Kreuzberg,3,27,12.0,3.0,,,,,,,,,,,BE
326,11003003,      Berlin-Pankow,6,2230,21.0,506.0,150.0,85.0,23.0,640.0,140.0,96.0,126.0,86.0,44.0,52.0,BE
327,11004004,      Berlin-Charlottenburg-Wilmersdorf,15,1924,41.0,491.0,161.0,60.0,,623.0,94.0,54.0,46.0,25.0,5.0,5.0,BE
328,11005005,      Berlin-Spandau,7,1066,,192.0,110.0,5.0,,288.0,221.0,47.0,35.0,132.0,1.0,,BE
329,11006006,      Berlin-Steglitz-Zehlendorf,15,2060,,471.0,63.0,10.0,,743.0,216.0,20.0,38.0,227.0,4.0,,BE
330,11007007,      Berlin-Tempelhof-Schöneberg,7,556,5.0,98.0,65.0,9.0,,179.0,36.0,67.0,,57.0,13.0,,BE
331,11008008,      Berlin-Neukölln,2,124,,4.0,,,,,120.0,,,,,,BE
332,11009009,      Berlin-Treptow-Köpenick,3,545,,188.0,46.0,,,218.0,45.0,,44.0,,,,BE
333,11010010,      Berlin-Marzahn-Hellersdorf,4,653,51.0,324.0,1.0,30.0,,84.0,,,72.0,2.0,23.0,66.0,BE
334,11011011,      Berlin-Lichtenberg,3,1100,,207.0,66.0,,,287.0,126.0,94.0,91.0,9.0,30.0,,BE
335,11012012,      Berlin-Reinickendorf,4,5256,22.0,1029.0,256.0,71.0,103.0,1573.0,428.0,104.0,316.0,111.0,206.0,60.0,BE
336,12051,"      Brandenburg an der Havel, Kreisfreie Stadt",3,901,10.0,113.0,35.0,24.0,,172.0,90.0,,74.0,71.0,27.0,,BB
337,12052,"      Cottbus, Kreisfreie Stadt",2,1187,14.0,333.0,55.0,32.0,24.0,316.0,41.0,68.0,73.0,73.0,32.0,26.0,BB
338,12053,"      Frankfurt (Oder), Kreisfreie Stadt",2,946,20.0,205.0,40.0,28.0,30.0,248.0,80.0,32.0,59.0,,26.0,35.0,BB
339,12054,"      Potsdam, Kreisfreie Stadt",7,1579,22.0,249.0,121.0,31.0,6.0,353.0,171.0,102.0,74.0,172.0,33.0,53.0,BB
340,12060,"      Barnim, Landkreis",5,1175,14.0,249.0,59.0,25.0,,250.0,38.0,57.0,249.0,,27.0,15.0,BB
341,12061,"      Dahme-Spreewald, Landkreis",4,1009,1.0,139.0,52.0,19.0,,220.0,40.0,44.0,85.0,48.0,30.0,,BB
342,12062,"      Elbe-Elster, Landkreis",1,465,,145.0,20.0,,,210.0,,20.0,,,,,BB
343,12063,"      Havelland, Landkreis",1,482,,83.0,27.0,,,181.0,65.0,30.0,,,26.0,,BB
344,12064,"      Märkisch-Oderland, Landkreis",2,666,,206.0,46.0,,,247.0,,12.0,61.0,,,,BB
345,12065,"      Oberhavel, Landkreis",4,1123,,154.0,42.0,20.0,,268.0,53.0,25.0,53.0,387.0,,,BB
346,12066,"      Oberspreewald-Lausitz, Landkreis",1,513,,121.0,25.0,,,174.0,60.0,24.0,40.0,,15.0,,BB
347,12067,"      Oder-Spree, Landkreis",7,1375,,271.0,54.0,25.0,,354.0,186.0,43.0,214.0,8.0,45.0,36.0,BB
348,12068,"      Ostprignitz-Ruppin, Landkreis",2,1144,2.0,239.0,38.0,24.0,,373.0,104.0,22.0,52.0,45.0,32.0,20.0,BB
349,12069,"      Potsdam-Mittelmark, Landkreis",5,702,,62.0,,,,313.0,70.0,,196.0,,1.0,,BB
350,12070,"      Prignitz, Landkreis",1,362,,54.0,14.0,,,128.0,28.0,20.0,36.0,,16.0,,BB
351,12071,"      Spree-Neiße, Landkreis",3,499,,108.0,32.0,3.0,,155.0,56.0,,,64.0,8.0,,BB
352,12072,"      Teltow-Fläming, Landkreis",2,503,,149.0,49.0,,,172.0,62.0,36.0,,,35.0,,BB
353,12073,"      Uckermark, Landkreis",5,731,,97.0,35.0,13.0,31.0,302.0,57.0,17.0,49.0,39.0,13.0,6.0,BB
354,13003,"      Kreisfreie Stadt Rostock, Hansestadt",6,1514,24.0,392.0,126.0,30.0,20.0,435.0,,67.0,90.0,41.0,42.0,51.0,MV
355,13004,"      Kreisfreie Stadt Schwerin, Landeshauptstadt",2,1420,15.0,198.0,71.0,47.0,35.0,361.0,,68.0,76.0,144.0,38.0,34.0,MV
356,13071,      Landkreis Mecklenburgische Seenplatte,5,1646,38.0,356.0,113.0,59.0,,585.0,,81.0,64.0,119.0,50.0,10.0,MV
357,13072,      Landkreis Rostock,5,785,,149.0,17.0,14.0,,294.0,26.0,22.0,99.0,62.0,37.0,,MV
358,13073,      Landkreis Vorpommern-Rügen,5,1135,2.0,209.0,47.0,34.0,,419.0,42.0,40.0,42.0,77.0,23.0,2.0,MV
359,13074,      Landkreis Nordwestmecklenburg,2,593,,148.0,39.0,3.0,,219.0,,30.0,41.0,,19.0,,MV
360,13075,      Landkreis Vorpommern-Greifswald,8,2233,28.0,432.0,98.0,41.0,30.0,647.0,,119.0,180.0,166.0,56.0,65.0,MV
361,13076,      Landkreis Ludwigslust-Parchim,6,960,,200.0,54.0,,,335.0,15.0,31.0,205.0,64.0,2.0,54.0,MV
362,14511,"      Chemnitz, Stadt",3,2353,25.0,510.0,125.0,49.0,47.0,783.0,39.0,132.0,125.0,108.0,78.0,98.0,SN
363,14521,      Erzgebirgskreis,6,2061,14.0,397.0,127.0,58.0,25.0,775.0,40.0,84.0,28.0,137.0,58.0,12.0,SN
364,14522,"      Mittelsachsen, Landkreis",7,1327,,329.0,71.0,2.0,,363.0,,34.0,61.0,52.0,36.0,198.0,SN
365,14523,      Vogtlandkreis,7,1718,15.0,397.0,116.0,34.0,23.0,463.0,84.0,63.0,79.0,20.0,59.0,55.0,SN
366,14524,"      Zwickau, Landkreis",6,2008,33.0,461.0,109.0,30.0,23.0,599.0,36.0,107.0,93.0,53.0,37.0,111.0,SN
367,14612,"      Dresden, Stadt",6,3862,70.0,928.0,240.0,79.0,91.0,1201.0,,207.0,169.0,152.0,153.0,67.0,SN
368,14625,"      Bautzen, Landkreis",7,1702,13.0,352.0,97.0,20.0,12.0,539.0,34.0,54.0,225.0,66.0,60.0,,SN
369,14626,"      Görlitz, Landkreis",6,1819,17.0,358.0,89.0,27.0,22.0,562.0,41.0,78.0,73.0,90.0,62.0,11.0,SN
370,14627,"      Meißen, Landkreis",6,1203,21.0,324.0,62.0,41.0,,476.0,30.0,47.0,83.0,,34.0,,SN
371,14628,"      Sächsische Schweiz-Osterzgebirge, Landkreis",6,1277,,257.0,78.0,14.0,,400.0,20.0,25.0,235.0,115.0,31.0,14.0,SN
372,14713,"      Leipzig, Stadt",6,3975,30.0,1082.0,182.0,78.0,54.0,1224.0,77.0,163.0,99.0,99.0,180.0,227.0,SN
373,14729,"      Leipzig, Landkreis",4,1137,1.0,259.0,65.0,23.0,,389.0,,69.0,131.0,,39.0,46.0,SN
374,14730,"      Nordsachsen, Landkreis",7,1428,12.0,246.0,87.0,11.0,,372.0,,54.0,90.0,196.0,3.0,22.0,SN
375,15001,"      Dessau-Roßlau, Kreisfreie Stadt",3,953,26.0,265.0,53.0,30.0,42.0,267.0,,42.0,37.0,,55.0,36.0,ST
376,15002,"      Halle (Saale), Kreisfreie Stadt",6,2959,36.0,661.0,144.0,70.0,38.0,796.0,39.0,142.0,178.0,133.0,94.0,328.0,ST
377,15003,"      Magdeburg, Kreisfreie Stadt",6,2362,39.0,577.0,165.0,60.0,57.0,501.0,45.0,106.0,197.0,195.0,81.0,84.0,ST
378,15081,      Altmarkkreis Salzwedel,1,419,,126.0,38.0,4.0,,205.0,,42.0,,,4.0,,ST
379,15082,"      Anhalt-Bitterfeld, Landkreis",3,794,,195.0,66.0,29.0,,400.0,,41.0,,52.0,11.0,,ST
380,15083,"      Börde, Landkreis",3,592,16.0,136.0,1.0,19.0,,148.0,32.0,,30.0,,40.0,,ST
381,15084,      Burgenlandkreis,2,1122,,256.0,92.0,20.0,21.0,369.0,,84.0,36.0,64.0,30.0,55.0,ST
382,15085,"      Harz, Landkreis",5,1511,,286.0,81.0,73.0,26.0,538.0,60.0,85.0,45.0,33.0,23.0,15.0,ST
383,15086,"      Jerichower Land, Landkreis",4,748,,122.0,27.0,1.0,,300.0,12.0,21.0,20.0,80.0,,,ST
384,15087,"      Mansfeld-Südharz, Landkreis",1,774,13.0,180.0,25.0,34.0,,294.0,70.0,21.0,,35.0,27.0,,ST
385,15088,      Saalekreis,1,634,,79.0,34.0,,,231.0,66.0,26.0,,44.0,19.0,,ST
386,15089,      Salzlandkreis,6,1312,6.0,251.0,58.0,3.0,,382.0,114.0,56.0,119.0,,26.0,20.0,ST
387,15090,"      Stendal, Landkreis",4,1001,,172.0,46.0,8.0,,294.0,30.0,27.0,48.0,36.0,25.0,7.0,ST
388,15091,"      Wittenberg, Landkreis",3,575,,156.0,26.0,,,161.0,35.0,25.0,47.0,,28.0,17.0,ST
389,16051,"      Erfurt, krsfr. Stadt",2,1690,30.0,334.0,85.0,65.0,59.0,445.0,133.0,76.0,66.0,84.0,66.0,35.0,TH
390,16052,"      Gera, krsfr. Stadt",1,972,19.0,201.0,53.0,34.0,34.0,373.0,,35.0,52.0,,48.0,34.0,TH
391,16053,"      Jena, krsfr. Stadt",1,1403,38.0,348.0,76.0,50.0,40.0,363.0,41.0,93.0,78.0,,50.0,46.0,TH
392,16054,"      Suhl, krsfr. Stadt",1,511,23.0,100.0,31.0,39.0,7.0,170.0,,33.0,30.0,44.0,25.0,9.0,TH
393,16055,"      Weimar, krsfr. Stadt",1,593,,100.0,59.0,26.0,,161.0,,52.0,78.0,,,,TH
394,16056,"      Eisenach, krsfr. Stadt",1,397,,112.0,23.0,,,175.0,,19.0,34.0,,34.0,,TH
395,16061,"      Eichsfeld, Kreis",1,424,,114.0,30.0,4.0,,168.0,20.0,27.0,,,61.0,,TH
396,16062,"      Nordhausen, Kreis",3,984,16.0,200.0,41.0,36.0,29.0,299.0,,70.0,44.0,72.0,34.0,26.0,TH
397,16063,      Wartburgkreis,3,532,,98.0,27.0,23.0,,142.0,,20.0,116.0,,,2.0,TH
398,16064,      Unstrut-Hainich-Kreis,4,1284,,178.0,40.0,1.0,,248.0,109.0,24.0,123.0,43.0,23.0,,TH
399,16065,      Kyffhäuserkreis,1,462,,184.0,29.0,,,190.0,41.0,10.0,,,2.0,6.0,TH
400,16066,"      Schmalkalden-Meiningen, Kreis",3,715,2.0,179.0,30.0,2.0,,247.0,124.0,18.0,46.0,28.0,37.0,2.0,TH
401,16067,"      Gotha, Kreis",2,508,,126.0,42.0,4.0,,248.0,,17.0,12.0,33.0,26.0,,TH
402,16069,"      Hildburghausen, Kreis",2,505,,49.0,24.0,,,111.0,,,38.0,,,,TH
403,16070,      Ilm-Kreis,2,567,,106.0,30.0,15.0,,260.0,,26.0,,115.0,15.0,,TH
404,16071,"      Weimarer Land, Kreis",3,1053,,344.0,18.0,,,401.0,,8.0,44.0,188.0,28.0,22.0,TH
405,16072,"      Sonneberg, Kreis",1,381,,137.0,22.0,,,182.0,,,,40.0,,,TH
406,16073,"      Saalfeld-Rudolstadt, Kreis",3,994,,243.0,53.0,7.0,82.0,316.0,81.0,35.0,,,31.0,,TH
407,16074,      Saale-Holzland-Kreis,3,654,,20.0,,,,57.0,,,94.0,177.0,,,TH
408,16075,      Saale-Orla-Kreis,1,120,,33.0,26.0,,,61.0,,,,,,,TH
409,16076,"      Greiz, Kreis",2,403,,40.0,20.0,2.0,,139.0,114.0,24.0,,34.0,30.0,,TH
410,16077,"      Altenburger Land, Kreis",2,618,,133.0,29.0,,,247.0,,42.0,90.0,,,4.0,TH
